{"cameraMode":{"drawMode":0,"name":"Shaded","section":"Shading Mode"},"sceneLighting":true,"audioPlay":false,"sceneViewState":{"m_AlwaysRefresh":false,"showFog":true,"showSkybox":true,"showFlares":true,"showImageEffects":true,"showParticleSystems":true,"showVisualEffectGraphs":true,"m_FxEnabled":true},"in2DMode":false,"pivot":{"x":-352.8670654296875,"y":-192.81971740722657,"z":487.06109619140627},"rotation":{"x":0.14548006653785706,"y":-0.3271816372871399,"z":0.051091402769088748,"w":0.9323488473892212},"size":347.2164001464844,"orthographic":false}